{
  "name": "shortcuts",
  "title": "shortcuts",
  "description": "a simple plugin to handle some preconfigured shortcuts",
  "version": "0.0.1",
  "author": "Benoit Goyette",
  "scripts": [
    "index.js"
  ],
  "minimumCoreVersion": "0.7.9",
  "compatibleCoreVersion": "0.7.9",
  "url": "https://github.com/benoitgoyette/shortcuts_addon",
  "manifest": "https://github.com/benoitgoyette/shortcuts_addon/master/module.json",
  "download": "https://github.com/benoitgoyette/shortcuts_addon/archive/master.zip",  
}