{
  "name": "shortcuts",
  "title": "shortcuts",
  "description": "A simple plugin to handle some preconfigured shortcuts",
  "version": "0.0.1",
  "author": "Benoit Goyette",
  "scripts": [
    "index.js"
  ],
  "minimumCoreVersion": "0.7.9",
  "compatibleCoreVersion": "0.7.9",
  "url": "https://github.com/benoitgoyette/shortcuts_addon/",
  "manifest": "https://raw.githubusercontent.com/benoitgoyette/shortcuts_addon/master/module.json",
  "download": "https://github.com/benoitgoyette/shortcuts_addon/blob/master/archive/shortcuts.zip?raw=true"
}